"alder"	"kjonn"	"diagnose"	"2012"	"2013"	"2014"	"2015"	"2016"	"2017"	"2018"	"2019"	"2020"
"0-5"	"Menn"	"Alle diagnoser"	365273	348511	357907	344792	346692	342945	332048	332579	283769
"0-5"	"Menn"	"Luftveisinfeksjoner, inkl. orebetennelse"	143885	127065	129882	121264	123983	118457	112191	110898	64025
"0-5"	"Menn"	"Lokale smerter og betennelser"	5299	5364	5289	5337	5598	5586	5726	5667	5840
"0-5"	"Menn"	"Ryggproblemer"	167	186	188	180	161	170	159	162	150
"0-5"	"Menn"	"Generelle smerter og muskelplager"	395	345	348	357	349	346	333	308	348
"0-5"	"Menn"	"Ledd- og giktsykdommer"	325	303	278	256	289	298	297	250	255
"0-5"	"Menn"	"Psykisk sykdom eller lidelse"	4234	4303	4673	4821	5055	5112	5226	5664	6870
"0-5"	"Menn"	"Atopi, astma, allergi eller eksem"	33457	33606	34887	34387	35743	37793	37238	37873	38262
"0-5"	"Menn"	"Hoyt blodtrykk"	6	10	14	11	15	4	4	4	14
"0-5"	"Menn"	"Hjertesykdom"	441	406	469	440	392	377	375	401	362
"0-5"	"Menn"	"Diabetes"	52	78	73	62	72	61	54	61	80
"0-5"	"Menn"	"Kreft"	12	32	27	49	41	63	51	42	45
"0-5"	"Menn"	"Underlivsplager hos kvinner"	.	.	.	.	.	.	.	.	.
"0-5"	"Menn"	"Funksjonelle mage-tarmplager"	18441	19404	20091	20517	20391	20799	21308	21505	20819
"0-5"	"Menn"	"Hudinfeksjoner"	11459	11399	11473	11651	10878	11284	11000	11082	10148
"0-5"	"Menn"	"Ulykker og skader"	13141	13357	13481	13054	12906	12937	12717	12479	11884
"0-5"	"Menn"	"Medfodt sykdom eller feil"	2318	2403	2363	2176	2270	2489	2373	2377	2633
"0-5"	"Menn"	"Svangerskap, fodsel, prevensjon"	.	.	.	.	.	.	.	.	.
"0-5"	"Menn"	"Frykt for sykdom"	2362	2611	2778	2695	2641	2765	2683	2709	9275
"0-5"	"Menn"	"Administrativ kontakt"	3541	3864	4360	4643	4818	3989	4446	6747	11299
"0-5"	"Menn"	"Forebyggende kontakt"	4940	8355	8765	9260	9970	9997	9685	9387	7882
"0-5"	"Menn"	"Andre diagnoser"	120685	115287	118321	113481	110971	110194	105976	104755	93323
"0-5"	"Kvinner"	"Alle diagnoser"	324841	306712	311237	297753	299100	294223	284199	286608	244793
"0-5"	"Kvinner"	"Luftveisinfeksjoner, inkl. orebetennelse"	124943	109896	111314	102267	105806	99935	94230	93737	53901
"0-5"	"Kvinner"	"Lokale smerter og betennelser"	4266	4333	4519	4450	4587	4708	4463	4496	4613
"0-5"	"Kvinner"	"Ryggproblemer"	194	200	187	160	173	174	164	179	181
"0-5"	"Kvinner"	"Generelle smerter og muskelplager"	325	316	322	348	310	309	271	262	328
"0-5"	"Kvinner"	"Ledd- og giktsykdommer"	357	358	400	321	373	364	324	229	285
"0-5"	"Kvinner"	"Psykisk sykdom eller lidelse"	2564	2621	2756	2821	2853	2971	3022	3181	3755
"0-5"	"Kvinner"	"Atopi, astma, allergi eller eksem"	26131	25716	26550	26198	27286	29334	29115	29512	30296
"0-5"	"Kvinner"	"Hoyt blodtrykk"	4	8	6	3	0	5	6	10	3
"0-5"	"Kvinner"	"Hjertesykdom"	373	374	350	375	342	320	361	314	294
"0-5"	"Kvinner"	"Diabetes"	52	57	77	82	55	49	48	39	53
"0-5"	"Kvinner"	"Kreft"	73	54	51	30	47	25	36	26	31
"0-5"	"Kvinner"	"Underlivsplager hos kvinner"	1596	1625	1748	1725	1692	1655	1714	1846	1834
"0-5"	"Kvinner"	"Funksjonelle mage-tarmplager"	18231	18759	19357	19919	19499	20389	21090	21197	20948
"0-5"	"Kvinner"	"Hudinfeksjoner"	11232	10780	10890	11018	10593	10835	10062	10447	9636
"0-5"	"Kvinner"	"Ulykker og skader"	9972	10116	10071	9642	9541	9370	9239	8979	8676
"0-5"	"Kvinner"	"Medfodt sykdom eller feil"	1625	1545	1507	1439	1509	1480	1557	1575	1721
"0-5"	"Kvinner"	"Svangerskap, fodsel, prevensjon"	.	.	.	.	.	.	.	.	.
"0-5"	"Kvinner"	"Frykt for sykdom"	2338	2429	2329	2227	2267	2211	2327	2259	7920
"0-5"	"Kvinner"	"Administrativ kontakt"	3384	3577	3873	4120	4153	3402	3924	5726	10155
"0-5"	"Kvinner"	"Forebyggende kontakt"	4100	7181	7710	8049	8483	8284	8158	8201	6599
"0-5"	"Kvinner"	"Andre diagnoser"	112973	106637	107101	102422	99376	98240	93908	94213	83343
"6-15"	"Menn"	"Alle diagnoser"	341892	337637	353400	355152	367637	375400	374460	380031	398577
"6-15"	"Menn"	"Luftveisinfeksjoner, inkl. orebetennelse"	65790	57994	53912	57957	63562	62752	59957	55588	42883
"6-15"	"Menn"	"Lokale smerter og betennelser"	25393	25908	27563	27839	28311	29178	27785	28914	26683
"6-15"	"Menn"	"Ryggproblemer"	3180	3072	3469	3359	3389	3531	3269	3278	2935
"6-15"	"Menn"	"Generelle smerter og muskelplager"	1757	1873	1979	1929	1819	1802	1618	1728	1507
"6-15"	"Menn"	"Ledd- og giktsykdommer"	2571	2589	2795	2679	2925	2913	2591	2663	2558
"6-15"	"Menn"	"Psykisk sykdom eller lidelse"	26775	26736	27625	28702	29376	31946	31983	33679	38781
"6-15"	"Menn"	"Atopi, astma, allergi eller eksem"	34342	32325	37442	35246	35943	37593	36961	40568	46449
"6-15"	"Menn"	"Hoyt blodtrykk"	51	41	35	43	40	23	41	40	49
"6-15"	"Menn"	"Hjertesykdom"	337	356	367	341	334	312	325	322	391
"6-15"	"Menn"	"Diabetes"	351	439	423	396	411	375	432	405	571
"6-15"	"Menn"	"Kreft"	84	90	81	102	113	105	97	98	148
"6-15"	"Menn"	"Underlivsplager hos kvinner"	.	.	.	.	.	.	.	.	.
"6-15"	"Menn"	"Funksjonelle mage-tarmplager"	18420	20204	21370	21589	23302	24024	25482	25675	24588
"6-15"	"Menn"	"Hudinfeksjoner"	21921	22433	24117	24159	24219	24559	25807	26211	25595
"6-15"	"Menn"	"Ulykker og skader"	23987	24169	25246	24632	24825	24986	24200	23813	21284
"6-15"	"Menn"	"Medfodt sykdom eller feil"	2864	2989	3012	2911	2808	2927	2925	2851	3260
"6-15"	"Menn"	"Svangerskap, fodsel, prevensjon"	.	.	.	.	.	.	.	.	.
"6-15"	"Menn"	"Frykt for sykdom"	2038	2074	2158	2155	2137	2411	2233	2439	12255
"6-15"	"Menn"	"Administrativ kontakt"	3741	4144	4872	5389	5460	4805	5338	7591	14510
"6-15"	"Menn"	"Forebyggende kontakt"	5588	8330	9416	9823	10633	10631	11064	11339	11201
"6-15"	"Menn"	"Andre diagnoser"	102631	101808	107425	105814	107954	110423	112248	112744	122834
"6-15"	"Kvinner"	"Alle diagnoser"	354869	353790	370289	369964	379113	387187	384156	393115	413281
"6-15"	"Kvinner"	"Luftveisinfeksjoner, inkl. orebetennelse"	68846	59834	56461	58573	63768	62059	59083	54794	41179
"6-15"	"Kvinner"	"Lokale smerter og betennelser"	29013	30167	32706	33150	32989	33600	31852	32520	29475
"6-15"	"Kvinner"	"Ryggproblemer"	4241	4658	4947	4887	4811	4746	4103	4182	3852
"6-15"	"Kvinner"	"Generelle smerter og muskelplager"	1968	2009	2178	2004	2012	1873	1646	1723	1615
"6-15"	"Kvinner"	"Ledd- og giktsykdommer"	2565	2438	2768	2722	2758	2927	2743	2914	2706
"6-15"	"Kvinner"	"Psykisk sykdom eller lidelse"	17053	17758	19058	19765	20430	22062	22684	24264	30487
"6-15"	"Kvinner"	"Atopi, astma, allergi eller eksem"	29539	28677	32574	31847	32103	33978	33987	36890	40209
"6-15"	"Kvinner"	"Hoyt blodtrykk"	10	20	25	27	64	24	26	20	30
"6-15"	"Kvinner"	"Hjertesykdom"	312	360	339	286	302	314	277	323	300
"6-15"	"Kvinner"	"Diabetes"	405	378	346	361	336	348	436	384	526
"6-15"	"Kvinner"	"Kreft"	147	114	81	142	140	92	87	103	96
"6-15"	"Kvinner"	"Underlivsplager hos kvinner"	4874	5185	5312	5239	5371	6078	6476	7360	8353
"6-15"	"Kvinner"	"Funksjonelle mage-tarmplager"	22667	24779	26454	26082	27319	28639	29192	29914	30403
"6-15"	"Kvinner"	"Hudinfeksjoner"	25342	25589	27681	27167	27379	26819	27574	29067	27719
"6-15"	"Kvinner"	"Ulykker og skader"	19730	20535	20753	20189	20441	20696	19977	19463	17391
"6-15"	"Kvinner"	"Medfodt sykdom eller feil"	2199	2139	2285	2180	1977	1934	2084	1981	2387
"6-15"	"Kvinner"	"Svangerskap, fodsel, prevensjon"	1701	1673	1703	1782	1967	2186	2209	2610	2879
"6-15"	"Kvinner"	"Frykt for sykdom"	2054	2167	2206	2128	2161	2377	2303	2335	11315
"6-15"	"Kvinner"	"Administrativ kontakt"	3404	3803	4465	4728	4917	4429	4855	6784	14205
"6-15"	"Kvinner"	"Forebyggende kontakt"	5455	8065	8980	9401	10250	10467	10481	10941	10654
"6-15"	"Kvinner"	"Andre diagnoser"	113344	113442	118967	117304	117618	121539	122081	124543	137500
"16-19"	"Menn"	"Alle diagnoser"	161616	158668	163529	166732	195368	223318	228471	229497	181215
"16-19"	"Menn"	"Luftveisinfeksjoner, inkl. orebetennelse"	29846	26418	25135	28207	41919	57918	59965	59664	24377
"16-19"	"Menn"	"Lokale smerter og betennelser"	13560	13616	13604	14047	14456	14859	14962	14954	12493
"16-19"	"Menn"	"Ryggproblemer"	4136	3888	3990	4009	3987	4591	4249	4269	3378
"16-19"	"Menn"	"Generelle smerter og muskelplager"	1238	1085	1140	1185	1252	1243	1168	1180	900
"16-19"	"Menn"	"Ledd- og giktsykdommer"	820	823	840	880	849	866	921	843	764
"16-19"	"Menn"	"Psykisk sykdom eller lidelse"	16189	16739	17024	17155	18989	21356	23006	23189	21996
"16-19"	"Menn"	"Atopi, astma, allergi eller eksem"	10458	9860	11118	10472	11641	11838	11744	12812	11146
"16-19"	"Menn"	"Hoyt blodtrykk"	117	103	109	134	120	100	88	72	92
"16-19"	"Menn"	"Hjertesykdom"	315	281	236	197	212	213	227	220	174
"16-19"	"Menn"	"Diabetes"	446	434	467	458	504	414	431	479	406
"16-19"	"Menn"	"Kreft"	138	158	122	78	86	53	72	101	110
"16-19"	"Menn"	"Underlivsplager hos kvinner"	.	.	.	.	.	.	.	.	.
"16-19"	"Menn"	"Funksjonelle mage-tarmplager"	6152	6235	6752	6740	8841	10816	11329	11392	7436
"16-19"	"Menn"	"Hudinfeksjoner"	6386	6526	6991	7066	7499	7591	7640	7679	8034
"16-19"	"Menn"	"Ulykker og skader"	10886	10692	10578	10557	11356	11282	11762	11302	9224
"16-19"	"Menn"	"Medfodt sykdom eller feil"	905	918	946	892	948	1007	960	944	984
"16-19"	"Menn"	"Svangerskap, fodsel, prevensjon"	.	.	.	.	.	.	.	.	.
"16-19"	"Menn"	"Frykt for sykdom"	1496	1542	1549	1450	1470	1520	1530	1521	6930
"16-19"	"Menn"	"Administrativ kontakt"	3344	3472	3970	4143	4953	5298	5652	6394	5931
"16-19"	"Menn"	"Forebyggende kontakt"	1755	3151	3491	3642	4452	4517	4695	4770	3506
"16-19"	"Menn"	"Andre diagnoser"	53360	52669	55378	55337	61759	67751	67969	67616	63240
"16-19"	"Kvinner"	"Alle diagnoser"	261361	261184	271523	276514	303036	337380	337082	344989	291371
"16-19"	"Kvinner"	"Luftveisinfeksjoner, inkl. orebetennelse"	43295	38459	37416	41308	55730	73628	73064	76223	32259
"16-19"	"Kvinner"	"Lokale smerter og betennelser"	17040	17456	17849	17671	17391	17439	16390	16831	14268
"16-19"	"Kvinner"	"Ryggproblemer"	5474	5335	5527	5346	5626	5649	5185	5137	4353
"16-19"	"Kvinner"	"Generelle smerter og muskelplager"	1880	1955	1986	1981	1874	1837	1716	1650	1433
"16-19"	"Kvinner"	"Ledd- og giktsykdommer"	1450	1516	1475	1559	1418	1545	1503	1554	1361
"16-19"	"Kvinner"	"Psykisk sykdom eller lidelse"	25388	25875	26964	28708	30745	34673	35675	36505	35410
"16-19"	"Kvinner"	"Atopi, astma, allergi eller eksem"	13261	13052	14445	14332	15053	15894	16085	17253	15663
"16-19"	"Kvinner"	"Hoyt blodtrykk"	120	132	130	142	101	140	99	85	121
"16-19"	"Kvinner"	"Hjertesykdom"	267	256	267	301	268	203	217	227	230
"16-19"	"Kvinner"	"Diabetes"	479	534	535	500	565	482	450	441	506
"16-19"	"Kvinner"	"Kreft"	102	116	115	107	134	104	67	75	98
"16-19"	"Kvinner"	"Underlivsplager hos kvinner"	11078	11740	12292	12134	12364	13003	13364	13852	13594
"16-19"	"Kvinner"	"Funksjonelle mage-tarmplager"	14357	14511	15337	14601	16282	19127	19187	20037	15688
"16-19"	"Kvinner"	"Hudinfeksjoner"	7418	7416	7615	7457	7502	7704	7729	7941	9125
"16-19"	"Kvinner"	"Ulykker og skader"	8613	8452	8426	8584	8824	8977	9141	8908	7223
"16-19"	"Kvinner"	"Medfodt sykdom eller feil"	707	784	807	763	733	828	783	787	791
"16-19"	"Kvinner"	"Svangerskap, fodsel, prevensjon"	17789	17821	18097	18698	18778	18030	17716	16470	17143
"16-19"	"Kvinner"	"Frykt for sykdom"	2329	2432	2451	2432	2235	2162	2112	2183	9370
"16-19"	"Kvinner"	"Administrativ kontakt"	4705	4824	5724	5811	6658	6779	7337	9026	9027
"16-19"	"Kvinner"	"Forebyggende kontakt"	3441	5311	5752	6168	6534	6913	6539	6652	5466
"16-19"	"Kvinner"	"Andre diagnoser"	82168	83207	88313	87911	94221	102263	102723	103152	98242
"20-29"	"Menn"	"Alle diagnoser"	487165	491125	510898	522398	530079	549495	559221	579670	619282
"20-29"	"Menn"	"Luftveisinfeksjoner, inkl. orebetennelse"	62144	57389	54761	57323	61623	64145	64522	68059	51666
"20-29"	"Menn"	"Lokale smerter og betennelser"	48357	49215	50440	51490	49662	50549	50179	50166	47469
"20-29"	"Menn"	"Ryggproblemer"	26992	26881	27700	27847	26853	28058	27167	26965	26049
"20-29"	"Menn"	"Generelle smerter og muskelplager"	4793	4646	4786	4887	4834	4811	4560	4595	4438
"20-29"	"Menn"	"Ledd- og giktsykdommer"	3104	2992	3110	3342	3200	3357	3401	3336	3128
"20-29"	"Menn"	"Psykisk sykdom eller lidelse"	76450	77470	80492	84728	87322	94361	99087	105135	111690
"20-29"	"Menn"	"Atopi, astma, allergi eller eksem"	21606	21219	24501	23925	24166	25459	24662	29025	28714
"20-29"	"Menn"	"Hoyt blodtrykk"	1898	1959	1821	1748	1789	1693	1705	1780	1627
"20-29"	"Menn"	"Hjertesykdom"	1390	1493	1415	1295	1347	1310	1230	1226	1146
"20-29"	"Menn"	"Diabetes"	2452	2830	2632	2666	2785	2875	2882	2608	2866
"20-29"	"Menn"	"Kreft"	632	697	836	797	808	845	884	811	802
"20-29"	"Menn"	"Underlivsplager hos kvinner"	.	.	.	.	.	.	.	.	.
"20-29"	"Menn"	"Funksjonelle mage-tarmplager"	21899	22784	25040	25191	26556	26964	28282	28631	25980
"20-29"	"Menn"	"Hudinfeksjoner"	14106	14566	15779	15909	15612	16421	16673	17741	20017
"20-29"	"Menn"	"Ulykker og skader"	32955	33232	33570	32778	33056	33843	34392	33018	29923
"20-29"	"Menn"	"Medfodt sykdom eller feil"	1472	1637	1706	1740	1876	1958	2061	2039	1951
"20-29"	"Menn"	"Svangerskap, fodsel, prevensjon"	.	.	.	.	.	.	.	.	.
"20-29"	"Menn"	"Frykt for sykdom"	8522	9146	9384	9239	8695	9013	9615	10125	32240
"20-29"	"Menn"	"Administrativ kontakt"	11180	12521	14025	14601	15071	14338	15481	18729	24951
"20-29"	"Menn"	"Forebyggende kontakt"	4333	9471	10638	11070	11585	11694	11822	11875	10995
"20-29"	"Menn"	"Andre diagnoser"	142449	140540	147732	151183	152501	157118	159878	163072	192918
"20-29"	"Kvinner"	"Alle diagnoser"	991891	1004753	1034102	1042812	1051644	1061009	1064980	1071321	1161022
"20-29"	"Kvinner"	"Luftveisinfeksjoner, inkl. orebetennelse"	98363	89533	87153	89963	95778	96080	93350	96972	71522
"20-29"	"Kvinner"	"Lokale smerter og betennelser"	50268	52242	53928	53531	52638	52206	49791	50577	49632
"20-29"	"Kvinner"	"Ryggproblemer"	29866	29927	30628	29953	29266	29015	27563	27079	26689
"20-29"	"Kvinner"	"Generelle smerter og muskelplager"	10251	10099	10749	10704	10642	10938	10530	10633	10851
"20-29"	"Kvinner"	"Ledd- og giktsykdommer"	5336	5582	5735	5693	5971	6335	6345	6319	6616
"20-29"	"Kvinner"	"Psykisk sykdom eller lidelse"	113608	116430	121532	127837	132405	140218	149643	156739	169844
"20-29"	"Kvinner"	"Atopi, astma, allergi eller eksem"	29055	30265	33669	32962	33194	34266	34032	37458	40066
"20-29"	"Kvinner"	"Hoyt blodtrykk"	1857	1731	1623	1658	1799	1733	1731	1790	1565
"20-29"	"Kvinner"	"Hjertesykdom"	1234	1321	1389	1239	1293	1168	1140	1250	1239
"20-29"	"Kvinner"	"Diabetes"	2557	2536	2670	2801	2784	2822	2803	2861	3460
"20-29"	"Kvinner"	"Kreft"	816	888	1032	974	960	1081	1051	997	1209
"20-29"	"Kvinner"	"Underlivsplager hos kvinner"	43716	45800	47606	48306	47754	49892	49989	48917	52200
"20-29"	"Kvinner"	"Funksjonelle mage-tarmplager"	48393	49808	52547	52210	52205	52908	53912	54425	53101
"20-29"	"Kvinner"	"Hudinfeksjoner"	14283	14673	15572	16062	15612	15760	16362	16985	18973
"20-29"	"Kvinner"	"Ulykker og skader"	19483	20271	20475	20729	21424	21537	22269	22422	21235
"20-29"	"Kvinner"	"Medfodt sykdom eller feil"	1659	1713	1861	1741	1818	1991	1948	1909	2044
"20-29"	"Kvinner"	"Svangerskap, fodsel, prevensjon"	237036	234070	228383	225722	216729	207202	201505	185640	190634
"20-29"	"Kvinner"	"Frykt for sykdom"	9901	10938	10953	10739	10782	10817	11357	11588	43162
"20-29"	"Kvinner"	"Administrativ kontakt"	12812	14309	17079	18126	18097	18499	23919	32430	47980
"20-29"	"Kvinner"	"Forebyggende kontakt"	24228	32570	35877	39665	43982	44821	41113	38029	37717
"20-29"	"Kvinner"	"Andre diagnoser"	237169	240047	253641	252197	256511	261720	264627	266301	311283
"30-49"	"Menn"	"Alle diagnoser"	1388801	1377643	1395815	1402809	1405747	1413833	1421746	1447861	1579613
"30-49"	"Menn"	"Luftveisinfeksjoner, inkl. orebetennelse"	143745	130693	121627	128530	127246	124750	127604	124608	99094
"30-49"	"Menn"	"Lokale smerter og betennelser"	165495	168971	171599	172715	171491	172269	170868	170635	171501
"30-49"	"Menn"	"Ryggproblemer"	100414	101406	103988	107335	106543	107372	106231	107432	113280
"30-49"	"Menn"	"Generelle smerter og muskelplager"	18247	18110	18056	18321	18436	18393	16934	17159	17581
"30-49"	"Menn"	"Ledd- og giktsykdommer"	17783	18258	18492	18858	19179	18717	17999	17050	17234
"30-49"	"Menn"	"Psykisk sykdom eller lidelse"	220605	219295	221648	223313	224173	228498	234005	243379	265996
"30-49"	"Menn"	"Atopi, astma, allergi eller eksem"	39276	38510	41603	40358	40037	42063	40765	46623	46200
"30-49"	"Menn"	"Hoyt blodtrykk"	43184	42376	39329	37402	36642	35483	34020	32907	31554
"30-49"	"Menn"	"Hjertesykdom"	18867	18091	16851	15584	14623	13848	13269	12914	12511
"30-49"	"Menn"	"Diabetes"	29367	28753	28997	29591	29559	29896	28302	27662	29194
"30-49"	"Menn"	"Kreft"	5855	5824	6090	6267	6354	6292	6616	6840	7534
"30-49"	"Menn"	"Underlivsplager hos kvinner"	.	.	.	.	.	.	.	.	.
"30-49"	"Menn"	"Funksjonelle mage-tarmplager"	49182	50505	52516	52195	53702	54036	54021	56512	57240
"30-49"	"Menn"	"Hudinfeksjoner"	27504	28331	29046	28835	28537	28889	29574	30279	29595
"30-49"	"Menn"	"Ulykker og skader"	67750	69302	71220	71279	72394	72830	73268	71149	68819
"30-49"	"Menn"	"Medfodt sykdom eller feil"	2579	2624	2708	2705	2844	2897	2896	2875	3240
"30-49"	"Menn"	"Svangerskap, fodsel, prevensjon"	.	.	.	.	.	.	.	.	.
"30-49"	"Menn"	"Frykt for sykdom"	10802	11087	11020	10902	10101	10818	11185	11862	55946
"30-49"	"Menn"	"Administrativ kontakt"	31682	29802	33989	35453	38436	35491	39918	47313	65708
"30-49"	"Menn"	"Forebyggende kontakt"	10474	30288	30147	29816	28440	28826	27716	27271	28030
"30-49"	"Menn"	"Andre diagnoser"	384343	364122	375355	371469	374565	379625	383254	390147	456188
"30-49"	"Kvinner"	"Alle diagnoser"	2313868	2320413	2364723	2377029	2397283	2436341	2462286	2532110	2822329
"30-49"	"Kvinner"	"Luftveisinfeksjoner, inkl. orebetennelse"	220761	200755	187168	197020	197884	193378	195143	195200	159571
"30-49"	"Kvinner"	"Lokale smerter og betennelser"	214925	219197	223158	220672	217827	218948	209045	208817	212081
"30-49"	"Kvinner"	"Ryggproblemer"	100178	101256	102979	102700	101558	103349	100724	102548	107500
"30-49"	"Kvinner"	"Generelle smerter og muskelplager"	59474	61735	61742	62707	62799	64387	60912	62133	63301
"30-49"	"Kvinner"	"Ledd- og giktsykdommer"	33980	34007	34497	34888	34821	34853	33440	32668	33569
"30-49"	"Kvinner"	"Psykisk sykdom eller lidelse"	333385	331789	337410	340681	348614	359759	371707	393116	433846
"30-49"	"Kvinner"	"Atopi, astma, allergi eller eksem"	57372	57029	61168	59493	58653	59906	60068	66524	72463
"30-49"	"Kvinner"	"Hoyt blodtrykk"	33253	33545	30903	28981	28407	26481	25670	25045	24923
"30-49"	"Kvinner"	"Hjertesykdom"	7928	8403	8000	7213	7161	7162	7115	7195	7498
"30-49"	"Kvinner"	"Diabetes"	21032	20780	20579	20773	20069	20826	19818	19538	21571
"30-49"	"Kvinner"	"Kreft"	12886	12750	13389	14033	15144	15607	15946	16425	19987
"30-49"	"Kvinner"	"Underlivsplager hos kvinner"	74131	77354	79792	78836	79377	83864	86152	88573	93138
"30-49"	"Kvinner"	"Funksjonelle mage-tarmplager"	80001	81961	87740	86970	89777	91939	93223	97069	101462
"30-49"	"Kvinner"	"Hudinfeksjoner"	27540	27606	28343	28264	28498	29330	29778	30124	30625
"30-49"	"Kvinner"	"Ulykker og skader"	50739	53366	52244	54140	56230	57084	59753	58625	57541
"30-49"	"Kvinner"	"Medfodt sykdom eller feil"	3385	3293	3458	3336	3612	3612	3612	3894	3939
"30-49"	"Kvinner"	"Svangerskap, fodsel, prevensjon"	284927	282985	282768	286101	285247	281819	287136	285384	311834
"30-49"	"Kvinner"	"Frykt for sykdom"	12615	13645	13968	13363	13182	13651	13559	14060	85386
"30-49"	"Kvinner"	"Administrativ kontakt"	27127	27103	31576	32850	35226	36453	51703	74280	114811
"30-49"	"Kvinner"	"Forebyggende kontakt"	67184	85265	98395	98627	98115	105154	97938	93328	97008
"30-49"	"Kvinner"	"Andre diagnoser"	591045	586589	605446	605381	615082	628779	639844	657564	770275
"50-66"	"Menn"	"Alle diagnoser"	1496926	1486001	1487542	1503951	1527442	1535582	1546686	1575141	1681686
"50-66"	"Menn"	"Luftveisinfeksjoner, inkl. orebetennelse"	94796	88995	79451	91209	86046	89768	92233	90999	61788
"50-66"	"Menn"	"Lokale smerter og betennelser"	151944	155112	160119	163181	167944	169403	171718	175275	184691
"50-66"	"Menn"	"Ryggproblemer"	68904	69586	73318	75748	76112	78188	79081	81331	88372
"50-66"	"Menn"	"Generelle smerter og muskelplager"	14729	14751	14444	14641	15115	15487	15330	16003	16700
"50-66"	"Menn"	"Ledd- og giktsykdommer"	38339	39075	40125	42118	43364	43323	41957	41651	42791
"50-66"	"Menn"	"Psykisk sykdom eller lidelse"	131046	133362	134525	138901	141396	144782	146615	151687	164141
"50-66"	"Menn"	"Atopi, astma, allergi eller eksem"	29153	29955	30823	32176	32695	34124	34143	36952	37698
"50-66"	"Menn"	"Hoyt blodtrykk"	134098	132115	123082	117043	115673	113372	110123	107852	104803
"50-66"	"Menn"	"Hjertesykdom"	119628	109412	98573	89116	83192	76828	72937	69735	69814
"50-66"	"Menn"	"Diabetes"	81572	79866	82688	85572	87985	92171	90446	92824	99004
"50-66"	"Menn"	"Kreft"	29152	29651	30387	31296	31332	31869	32590	32433	38516
"50-66"	"Menn"	"Underlivsplager hos kvinner"	.	.	.	.	.	.	.	.	.
"50-66"	"Menn"	"Funksjonelle mage-tarmplager"	40321	40005	42180	41128	42558	43160	42871	45448	46886
"50-66"	"Menn"	"Hudinfeksjoner"	22984	23315	23961	24171	24355	24975	25869	27006	26576
"50-66"	"Menn"	"Ulykker og skader"	50972	52216	53681	55444	57389	57312	58994	58255	59656
"50-66"	"Menn"	"Medfodt sykdom eller feil"	1450	1666	1525	1554	1581	1709	1897	1885	1907
"50-66"	"Menn"	"Svangerskap, fodsel, prevensjon"	.	.	.	.	.	.	.	.	.
"50-66"	"Menn"	"Frykt for sykdom"	7302	7259	7241	6738	6467	6564	6731	6808	33050
"50-66"	"Menn"	"Administrativ kontakt"	31321	29740	36226	39051	48192	41784	45303	52662	68070
"50-66"	"Menn"	"Forebyggende kontakt"	12163	24797	26077	27323	28170	27764	28556	29029	32560
"50-66"	"Menn"	"Andre diagnoser"	433622	422879	426687	424580	433804	437985	443212	450318	497508
"50-66"	"Kvinner"	"Alle diagnoser"	1851838	1843263	1860687	1882432	1907273	1954730	1976787	2040789	2197244
"50-66"	"Kvinner"	"Luftveisinfeksjoner, inkl. orebetennelse"	151965	141758	127620	142357	136467	140801	144380	142691	101096
"50-66"	"Kvinner"	"Lokale smerter og betennelser"	199001	202474	207506	211812	214975	221297	219105	225723	233304
"50-66"	"Kvinner"	"Ryggproblemer"	74576	75183	77131	78012	79216	81636	81050	85028	90370
"50-66"	"Kvinner"	"Generelle smerter og muskelplager"	48351	48665	48797	50090	51683	53708	52102	54437	56341
"50-66"	"Kvinner"	"Ledd- og giktsykdommer"	76323	77756	77965	80481	82384	81277	75555	74939	75870
"50-66"	"Kvinner"	"Psykisk sykdom eller lidelse"	202823	204849	209205	212959	216835	221849	228197	239380	266611
"50-66"	"Kvinner"	"Atopi, astma, allergi eller eksem"	44262	44542	46274	46980	47059	48166	48857	51960	55070
"50-66"	"Kvinner"	"Hoyt blodtrykk"	120180	115767	105482	99005	95922	93848	90815	89375	88256
"50-66"	"Kvinner"	"Hjertesykdom"	42438	39195	35656	31623	29971	27840	26622	26095	26056
"50-66"	"Kvinner"	"Diabetes"	55084	53554	54789	55449	55583	57823	56971	59477	65005
"50-66"	"Kvinner"	"Kreft"	33416	33776	35474	36830	38244	38645	39862	40530	45300
"50-66"	"Kvinner"	"Underlivsplager hos kvinner"	32491	33030	35813	34326	34502	36275	37058	40970	43137
"50-66"	"Kvinner"	"Funksjonelle mage-tarmplager"	64373	64418	67395	67009	69041	70423	72183	76574	79353
"50-66"	"Kvinner"	"Hudinfeksjoner"	23588	23906	24421	24746	24556	25421	26557	28206	27717
"50-66"	"Kvinner"	"Ulykker og skader"	51570	53902	54238	56846	58929	61496	64716	64257	63210
"50-66"	"Kvinner"	"Medfodt sykdom eller feil"	2021	1980	2046	2175	2142	2106	2237	2415	2398
"50-66"	"Kvinner"	"Svangerskap, fodsel, prevensjon"	4994	3998	4375	5141	5924	7172	8333	9216	9497
"50-66"	"Kvinner"	"Frykt for sykdom"	9661	9649	9528	8808	8812	8925	8879	9175	51171
"50-66"	"Kvinner"	"Administrativ kontakt"	22749	22564	27617	29293	34224	31763	38807	51832	76302
"50-66"	"Kvinner"	"Forebyggende kontakt"	49261	61332	72447	70411	69605	76231	73421	69900	78550
"50-66"	"Kvinner"	"Andre diagnoser"	542711	530965	536908	538079	551199	568028	581080	598609	662630
"67-79"	"Menn"	"Alle diagnoser"	940795	974048	1007259	1035739	1057404	1079791	1094305	1106104	1151832
"67-79"	"Menn"	"Luftveisinfeksjoner, inkl. orebetennelse"	41932	40545	39461	44840	43457	48143	47793	48198	29743
"67-79"	"Menn"	"Lokale smerter og betennelser"	47642	51402	55557	58278	60618	62617	63822	66571	68630
"67-79"	"Menn"	"Ryggproblemer"	16625	18066	19710	21820	22391	23804	23179	24483	25820
"67-79"	"Menn"	"Generelle smerter og muskelplager"	4546	4706	4880	5122	5363	5667	5379	5610	6005
"67-79"	"Menn"	"Ledd- og giktsykdommer"	20133	22192	23070	25147	25687	25916	23551	22944	24046
"67-79"	"Menn"	"Psykisk sykdom eller lidelse"	27605	29684	32453	33994	36863	38269	39477	41901	47915
"67-79"	"Menn"	"Atopi, astma, allergi eller eksem"	15408	16726	17290	18608	19983	21575	21285	23105	22875
"67-79"	"Menn"	"Hoyt blodtrykk"	89883	93917	93506	92913	95199	96357	98783	99848	99385
"67-79"	"Menn"	"Hjertesykdom"	184147	179760	168815	160130	148513	137020	126981	115836	111278
"67-79"	"Menn"	"Diabetes"	56776	59503	63907	68046	71949	78065	79507	83103	89249
"67-79"	"Menn"	"Kreft"	37258	39747	42149	45482	47333	49150	50709	50144	57296
"67-79"	"Menn"	"Underlivsplager hos kvinner"	.	.	.	.	.	.	.	.	.
"67-79"	"Menn"	"Funksjonelle mage-tarmplager"	21536	22561	24112	24760	26326	27205	27088	28752	31421
"67-79"	"Menn"	"Hudinfeksjoner"	12911	13691	14432	15113	15841	16876	18197	18319	19015
"67-79"	"Menn"	"Ulykker og skader"	20624	22362	24350	24454	25244	25984	28355	28346	27793
"67-79"	"Menn"	"Medfodt sykdom eller feil"	354	383	428	438	456	529	533	582	538
"67-79"	"Menn"	"Svangerskap, fodsel, prevensjon"	.	.	.	.	.	.	.	.	.
"67-79"	"Menn"	"Frykt for sykdom"	3309	3506	3655	3338	3429	3427	3439	3459	12535
"67-79"	"Menn"	"Administrativ kontakt"	26712	24830	29465	30980	33986	32038	36852	38402	42483
"67-79"	"Menn"	"Forebyggende kontakt"	8718	15435	16040	17804	18942	19436	21500	21701	30565
"67-79"	"Menn"	"Andre diagnoser"	302644	313612	332452	342439	353044	364348	373443	379634	399897
"67-79"	"Kvinner"	"Alle diagnoser"	1084104	1118446	1153368	1184622	1210884	1241920	1254577	1272982	1319419
"67-79"	"Kvinner"	"Luftveisinfeksjoner, inkl. orebetennelse"	59141	57593	54631	61561	60929	65867	65910	66770	40183
"67-79"	"Kvinner"	"Lokale smerter og betennelser"	69124	73797	77265	81432	84740	87003	87178	90228	89228
"67-79"	"Kvinner"	"Ryggproblemer"	26501	27757	29573	32297	33107	34963	34407	35774	35990
"67-79"	"Kvinner"	"Generelle smerter og muskelplager"	11955	12297	12206	13057	13110	13916	12875	13210	13962
"67-79"	"Kvinner"	"Ledd- og giktsykdommer"	48957	50649	52815	55356	57105	55049	49068	47545	47426
"67-79"	"Kvinner"	"Psykisk sykdom eller lidelse"	57563	61152	65070	68512	71951	73564	74628	76761	89239
"67-79"	"Kvinner"	"Atopi, astma, allergi eller eksem"	23165	24171	25385	27589	28440	29781	30492	32732	32437
"67-79"	"Kvinner"	"Hoyt blodtrykk"	119329	122010	117684	114596	114530	116137	118310	118250	117521
"67-79"	"Kvinner"	"Hjertesykdom"	105876	102130	93924	86629	78320	71957	65671	60112	58247
"67-79"	"Kvinner"	"Diabetes"	47774	48075	49984	52961	54327	57238	57560	59097	62840
"67-79"	"Kvinner"	"Kreft"	22992	23935	26275	28610	29794	30685	31591	31762	36234
"67-79"	"Kvinner"	"Underlivsplager hos kvinner"	9984	10680	11693	11803	12115	12947	13278	13749	14454
"67-79"	"Kvinner"	"Funksjonelle mage-tarmplager"	39365	41086	44224	44350	47387	49426	48839	51635	56742
"67-79"	"Kvinner"	"Hudinfeksjoner"	14112	14962	15619	16611	16943	17815	18934	19624	19722
"67-79"	"Kvinner"	"Ulykker og skader"	24343	26561	28825	29517	30542	31213	33341	33573	32499
"67-79"	"Kvinner"	"Medfodt sykdom eller feil"	633	625	725	658	749	743	760	774	791
"67-79"	"Kvinner"	"Svangerskap, fodsel, prevensjon"	.	.	.	.	.	.	.	.	.
"67-79"	"Kvinner"	"Frykt for sykdom"	5398	5718	6034	5714	5748	5945	5831	5985	17990
"67-79"	"Kvinner"	"Administrativ kontakt"	22003	20793	24661	26150	27114	26531	29855	31142	35620
"67-79"	"Kvinner"	"Forebyggende kontakt"	17608	25716	29502	30279	31572	32669	34155	33108	44117
"67-79"	"Kvinner"	"Andre diagnoser"	355266	366628	385061	394079	408319	423727	435785	444015	466477
"80-89"	"Menn"	"Alle diagnoser"	417285	418708	416264	411459	408681	410530	412076	414950	428621
"80-89"	"Menn"	"Luftveisinfeksjoner, inkl. orebetennelse"	14901	14030	13129	14452	13886	15273	15160	15321	9276
"80-89"	"Menn"	"Lokale smerter og betennelser"	14709	14838	14992	15433	15800	16781	17081	17882	18670
"80-89"	"Menn"	"Ryggproblemer"	5911	6216	6159	6670	6574	7271	7246	7371	7842
"80-89"	"Menn"	"Generelle smerter og muskelplager"	1527	1466	1374	1401	1426	1558	1452	1464	1669
"80-89"	"Menn"	"Ledd- og giktsykdommer"	7447	7447	7838	7462	7628	7564	6741	6856	6965
"80-89"	"Menn"	"Psykisk sykdom eller lidelse"	13311	13648	14247	14504	14524	15459	15762	16666	18701
"80-89"	"Menn"	"Atopi, astma, allergi eller eksem"	6577	6493	6676	6931	6970	7525	7405	8078	8092
"80-89"	"Menn"	"Hoyt blodtrykk"	26506	25976	24532	24111	24076	24349	25231	25965	27414
"80-89"	"Menn"	"Hjertesykdom"	112738	110246	102491	96629	89149	82816	76565	69597	64510
"80-89"	"Menn"	"Diabetes"	15977	16283	16712	17115	17857	18262	18786	19987	21998
"80-89"	"Menn"	"Kreft"	21205	21724	22417	22445	22710	22997	23959	24228	26198
"80-89"	"Menn"	"Underlivsplager hos kvinner"	.	.	.	.	.	.	.	.	.
"80-89"	"Menn"	"Funksjonelle mage-tarmplager"	8874	8780	9097	8909	9081	9262	9169	9716	10492
"80-89"	"Menn"	"Hudinfeksjoner"	5146	5165	5422	5080	5225	5659	5997	6212	6176
"80-89"	"Menn"	"Ulykker og skader"	8731	9048	9663	9388	9510	9674	10489	10809	11007
"80-89"	"Menn"	"Medfodt sykdom eller feil"	67	96	56	77	86	68	88	91	144
"80-89"	"Menn"	"Svangerskap, fodsel, prevensjon"	.	.	.	.	.	.	.	.	.
"80-89"	"Menn"	"Frykt for sykdom"	1024	968	936	814	894	793	865	838	3231
"80-89"	"Menn"	"Administrativ kontakt"	12160	13769	14676	15232	16152	14761	17125	17195	19533
"80-89"	"Menn"	"Forebyggende kontakt"	3155	5724	6005	6350	6542	6932	7193	7138	10104
"80-89"	"Menn"	"Andre diagnoser"	136765	136388	139439	137969	139937	142634	144652	148230	155123
"80-89"	"Kvinner"	"Alle diagnoser"	593446	584295	577463	569009	561371	560401	559171	563783	573434
"80-89"	"Kvinner"	"Luftveisinfeksjoner, inkl. orebetennelse"	22359	20845	18884	20913	19904	21574	21610	21888	13003
"80-89"	"Kvinner"	"Lokale smerter og betennelser"	29078	28712	29386	29954	29948	30990	30667	32469	32070
"80-89"	"Kvinner"	"Ryggproblemer"	13357	13299	13766	14247	14259	15265	15451	15843	16617
"80-89"	"Kvinner"	"Generelle smerter og muskelplager"	4660	4426	4420	4270	4476	4414	4113	4511	4645
"80-89"	"Kvinner"	"Ledd- og giktsykdommer"	22004	21921	22035	22580	22290	22159	19104	18626	18298
"80-89"	"Kvinner"	"Psykisk sykdom eller lidelse"	31038	31643	33134	33136	33751	34058	34957	36252	40501
"80-89"	"Kvinner"	"Atopi, astma, allergi eller eksem"	10142	10338	10215	10415	10645	11044	11323	12138	11706
"80-89"	"Kvinner"	"Hoyt blodtrykk"	58997	56678	53645	50922	49609	50538	50724	51889	51941
"80-89"	"Kvinner"	"Hjertesykdom"	115497	108747	98903	91670	81969	72660	64930	57197	51853
"80-89"	"Kvinner"	"Diabetes"	21346	20755	20411	20687	20681	21331	21221	21224	21987
"80-89"	"Kvinner"	"Kreft"	10529	10732	11065	11349	11851	12284	12630	12777	14484
"80-89"	"Kvinner"	"Underlivsplager hos kvinner"	3760	3699	3705	3816	3740	3956	3889	4184	4429
"80-89"	"Kvinner"	"Funksjonelle mage-tarmplager"	16498	16977	17204	16621	17226	17792	18236	18857	20269
"80-89"	"Kvinner"	"Hudinfeksjoner"	6879	7092	7032	6881	7270	6960	7885	7928	7845
"80-89"	"Kvinner"	"Ulykker og skader"	15133	15001	16244	15467	15620	15611	16300	16599	16281
"80-89"	"Kvinner"	"Medfodt sykdom eller feil"	152	156	175	142	142	150	207	229	257
"80-89"	"Kvinner"	"Svangerskap, fodsel, prevensjon"	.	.	.	.	.	.	.	.	.
"80-89"	"Kvinner"	"Frykt for sykdom"	1896	1945	1881	1679	1709	1690	1752	1745	5319
"80-89"	"Kvinner"	"Administrativ kontakt"	10428	12359	13936	15317	15858	14529	16026	16791	18832
"80-89"	"Kvinner"	"Forebyggende kontakt"	5070	8201	8534	9156	9228	9174	9620	9771	13453
"80-89"	"Kvinner"	"Andre diagnoser"	193211	189837	191849	188583	189497	192260	195931	199646	206200
"90 or more"	"Menn"	"Alle diagnoser"	54538	56545	60426	65036	67274	68230	68634	69653	72197
"90 or more"	"Menn"	"Luftveisinfeksjoner, inkl. orebetennelse"	2039	2010	1911	2391	2362	2414	2383	2526	1519
"90 or more"	"Menn"	"Lokale smerter og betennelser"	1614	1590	1853	1995	2294	2124	2329	2319	2436
"90 or more"	"Menn"	"Ryggproblemer"	699	789	788	839	923	1016	1031	1045	1062
"90 or more"	"Menn"	"Generelle smerter og muskelplager"	152	158	136	215	190	207	184	195	193
"90 or more"	"Menn"	"Ledd- og giktsykdommer"	674	665	767	862	974	878	761	885	824
"90 or more"	"Menn"	"Psykisk sykdom eller lidelse"	1984	1774	1910	2140	2409	2664	2685	2656	3313
"90 or more"	"Menn"	"Atopi, astma, allergi eller eksem"	893	956	967	1060	1235	1232	1235	1440	1443
"90 or more"	"Menn"	"Hoyt blodtrykk"	2728	2783	3009	3058	3030	3188	3237	3056	3516
"90 or more"	"Menn"	"Hjertesykdom"	15259	15963	16278	16755	16346	15874	14890	14282	13440
"90 or more"	"Menn"	"Diabetes"	1472	1509	1583	1738	1737	1806	1893	1976	2170
"90 or more"	"Menn"	"Kreft"	2731	2840	3143	3622	3665	4068	4088	4106	4768
"90 or more"	"Menn"	"Underlivsplager hos kvinner"	.	.	.	.	.	.	.	.	.
"90 or more"	"Menn"	"Funksjonelle mage-tarmplager"	1191	1198	1327	1420	1505	1599	1587	1626	1687
"90 or more"	"Menn"	"Hudinfeksjoner"	698	654	787	866	952	1004	1064	1094	1105
"90 or more"	"Menn"	"Ulykker og skader"	1498	1642	1767	1750	1914	1967	2134	2264	2176
"90 or more"	"Menn"	"Medfodt sykdom eller feil"	1	8	6	9	9	2	7	3	10
"90 or more"	"Menn"	"Svangerskap, fodsel, prevensjon"	.	.	.	.	.	.	.	.	.
"90 or more"	"Menn"	"Frykt for sykdom"	98	92	118	128	109	136	94	90	497
"90 or more"	"Menn"	"Administrativ kontakt"	1195	1511	1825	2208	2331	2152	2309	2395	2623
"90 or more"	"Menn"	"Forebyggende kontakt"	416	702	778	1036	1114	1077	1151	1140	1508
"90 or more"	"Menn"	"Andre diagnoser"	19112	19658	21429	22896	24090	24722	25432	26430	27702
"90 or more"	"Kvinner"	"Alle diagnoser"	109129	112234	116259	119320	121359	121629	121157	119897	122134
"90 or more"	"Kvinner"	"Luftveisinfeksjoner, inkl. orebetennelse"	3693	3627	3397	4080	3731	4157	4105	4095	2453
"90 or more"	"Kvinner"	"Lokale smerter og betennelser"	4778	5006	5036	5326	5508	5683	5559	5822	6009
"90 or more"	"Kvinner"	"Ryggproblemer"	1962	1974	2095	2340	2555	2739	2565	2752	2953
"90 or more"	"Kvinner"	"Generelle smerter og muskelplager"	621	557	589	641	676	696	640	754	847
"90 or more"	"Kvinner"	"Ledd- og giktsykdommer"	2865	2883	2929	3143	3238	3342	3078	2733	2755
"90 or more"	"Kvinner"	"Psykisk sykdom eller lidelse"	5625	5648	6173	6192	6775	6728	6910	7023	7887
"90 or more"	"Kvinner"	"Atopi, astma, allergi eller eksem"	1761	1831	1965	2045	2203	2345	2416	2463	2361
"90 or more"	"Kvinner"	"Hoyt blodtrykk"	10177	10360	10218	10141	10144	9874	10072	10062	9723
"90 or more"	"Kvinner"	"Hjertesykdom"	25296	25713	25459	25241	24340	23065	21431	19714	18069
"90 or more"	"Kvinner"	"Diabetes"	2821	2730	2651	2692	2905	3012	3080	3154	3355
"90 or more"	"Kvinner"	"Kreft"	1854	1959	2094	2349	2353	2367	2481	2441	2692
"90 or more"	"Kvinner"	"Underlivsplager hos kvinner"	590	602	622	628	569	757	737	732	724
"90 or more"	"Kvinner"	"Funksjonelle mage-tarmplager"	2541	2580	2828	2857	2954	3137	3153	3126	3648
"90 or more"	"Kvinner"	"Hudinfeksjoner"	1601	1607	1580	1598	1767	1691	1701	1790	1844
"90 or more"	"Kvinner"	"Ulykker og skader"	3609	3653	3937	3834	4098	4094	4431	4479	4369
"90 or more"	"Kvinner"	"Medfodt sykdom eller feil"	8	9	15	22	11	12	11	17	15
"90 or more"	"Kvinner"	"Svangerskap, fodsel, prevensjon"	.	.	.	.	.	.	.	.	.
"90 or more"	"Kvinner"	"Frykt for sykdom"	266	316	317	279	269	258	229	256	1053
"90 or more"	"Kvinner"	"Administrativ kontakt"	1553	2096	2650	2921	3036	2762	2894	3013	3274
"90 or more"	"Kvinner"	"Forebyggende kontakt"	826	1507	1681	1825	2065	2060	1975	1982	2800
"90 or more"	"Kvinner"	"Andre diagnoser"	36483	37446	39887	40984	41862	42497	43185	42843	44668
